-- ============================================================
-- Wallscape - Seed / Dummy Data
-- Run this in Supabase SQL Editor AFTER 001 and 002 migrations
-- ============================================================

-- ============================================================
-- 1. AUTH USERS (5명)
-- ============================================================
INSERT INTO auth.users (
  id, email, encrypted_password,
  email_confirmed_at, created_at, updated_at,
  raw_user_meta_data, role, aud, instance_id
) VALUES
(
  'a1000000-0000-0000-0000-000000000001',
  'jinsoo@example.com',
  crypt('password123', gen_salt('bf')),
  NOW(), NOW(), NOW(),
  '{"full_name": "김진수", "username": "jinsoo_k"}',
  'authenticated', 'authenticated',
  '00000000-0000-0000-0000-000000000000'
),
(
  'a1000000-0000-0000-0000-000000000002',
  'mirae@example.com',
  crypt('password123', gen_salt('bf')),
  NOW(), NOW(), NOW(),
  '{"full_name": "이미래", "username": "mirae_art"}',
  'authenticated', 'authenticated',
  '00000000-0000-0000-0000-000000000000'
),
(
  'a1000000-0000-0000-0000-000000000003',
  'hyunwoo@example.com',
  crypt('password123', gen_salt('bf')),
  NOW(), NOW(), NOW(),
  '{"full_name": "박현우", "username": "hyunwoo_p"}',
  'authenticated', 'authenticated',
  '00000000-0000-0000-0000-000000000000'
),
(
  'a1000000-0000-0000-0000-000000000004',
  'sora@example.com',
  crypt('password123', gen_salt('bf')),
  NOW(), NOW(), NOW(),
  '{"full_name": "최소라", "username": "sora_lens"}',
  'authenticated', 'authenticated',
  '00000000-0000-0000-0000-000000000000'
),
(
  'a1000000-0000-0000-0000-000000000005',
  'taejun@example.com',
  crypt('password123', gen_salt('bf')),
  NOW(), NOW(), NOW(),
  '{"full_name": "정태준", "username": "taejun_j"}',
  'authenticated', 'authenticated',
  '00000000-0000-0000-0000-000000000000'
)
ON CONFLICT (id) DO NOTHING;

-- ============================================================
-- 2. PROFILES 업데이트 (트리거가 생성한 프로필에 상세 정보 추가)
-- ============================================================
UPDATE profiles SET
  display_name = '김진수',
  bio = '서울의 골목을 기록하는 사람 📷 홍대/성수 위주로 활동',
  location = '서울 마포구',
  avatar_url = 'https://picsum.photos/seed/jinsoo/200/200'
WHERE id = 'a1000000-0000-0000-0000-000000000001';

UPDATE profiles SET
  display_name = '이미래',
  bio = '그라피티와 스트리트 아트 러버 🎨 도시의 색을 찾아다닙니다',
  location = '서울 용산구',
  avatar_url = 'https://picsum.photos/seed/mirae/200/200'
WHERE id = 'a1000000-0000-0000-0000-000000000002';

UPDATE profiles SET
  display_name = '박현우',
  bio = '을지로 3가 상주 중 🏭 레트로 감성 수집가',
  location = '서울 중구',
  avatar_url = 'https://picsum.photos/seed/hyunwoo/200/200'
WHERE id = 'a1000000-0000-0000-0000-000000000003';

UPDATE profiles SET
  display_name = '최소라',
  bio = '카메라 들고 서울 누비기 🚶‍♀️ 익선동 단골',
  location = '서울 종로구',
  avatar_url = 'https://picsum.photos/seed/sora/200/200'
WHERE id = 'a1000000-0000-0000-0000-000000000004';

UPDATE profiles SET
  display_name = '정태준',
  bio = '스케이터 + 사진가 🛹 해방촌 기반',
  location = '서울 용산구',
  avatar_url = 'https://picsum.photos/seed/taejun/200/200'
WHERE id = 'a1000000-0000-0000-0000-000000000005';

-- ============================================================
-- 3. POSTS (서울 각지의 벽화/스트리트 아트)
-- ============================================================
INSERT INTO posts (
  id, user_id, image_url, thumbnail_url,
  title, description, tags,
  lat, lng, address, city, district,
  like_count, comment_count, bookmark_count, view_count,
  visibility, created_at
) VALUES

-- 홍대 (Hongdae)
(
  'b1000000-0000-0000-0000-000000000001',
  'a1000000-0000-0000-0000-000000000001',
  'https://picsum.photos/seed/wall1/800/1000',
  'https://picsum.photos/seed/wall1/400/500',
  '홍대 피카소 거리의 새벽',
  '매일 밤 새로운 작품이 생겨나는 곳. 이 그라피티는 일주일째 그 자리에 있다.',
  ARRAY['홍대', '그라피티', '스트리트아트', '서울'],
  37.5563, 126.9236,
  '서울 마포구 어울마당로 홍대 걷고싶은거리',
  '서울', '마포구',
  48, 7, 12, 320,
  'public', NOW() - INTERVAL '2 days'
),
(
  'b1000000-0000-0000-0000-000000000002',
  'a1000000-0000-0000-0000-000000000003',
  'https://picsum.photos/seed/wall2/800/1000',
  'https://picsum.photos/seed/wall2/400/500',
  '홍대 주차장 골목 타이거',
  '주차장 담벼락에 그려진 호랑이. 지나가다 우연히 발견했다.',
  ARRAY['홍대', '타이거', '벽화', '마포'],
  37.5548, 126.9220,
  '서울 마포구 홍익로 홍대 주차장 골목',
  '서울', '마포구',
  31, 4, 8, 210,
  'public', NOW() - INTERVAL '5 days'
),

-- 성수동 (Seongsu-dong)
(
  'b1000000-0000-0000-0000-000000000003',
  'a1000000-0000-0000-0000-000000000002',
  'https://picsum.photos/seed/wall3/800/1000',
  'https://picsum.photos/seed/wall3/400/500',
  '성수동 공장 담벼락의 꽃',
  '오래된 공장 건물 외벽에 핀 거대한 꽃. 성수의 과거와 현재가 공존하는 느낌.',
  ARRAY['성수동', '플로럴', '벽화', '성동구'],
  37.5444, 127.0557,
  '서울 성동구 성수일로 성수동 공장지대',
  '서울', '성동구',
  72, 11, 25, 540,
  'public', NOW() - INTERVAL '1 day'
),
(
  'b1000000-0000-0000-0000-000000000004',
  'a1000000-0000-0000-0000-000000000004',
  'https://picsum.photos/seed/wall4/800/1000',
  'https://picsum.photos/seed/wall4/400/500',
  '성수 카페 골목 무지개 계단',
  '카페 사이 좁은 골목에 숨어있는 계단 벽화. 여기 아는 사람만 안다.',
  ARRAY['성수동', '계단', '무지개', '숨은명소'],
  37.5437, 127.0541,
  '서울 성동구 성수이로 성수 카페 골목',
  '서울', '성동구',
  95, 18, 33, 712,
  'public', NOW() - INTERVAL '3 days'
),

-- 을지로 (Euljiro)
(
  'b1000000-0000-0000-0000-000000000005',
  'a1000000-0000-0000-0000-000000000003',
  'https://picsum.photos/seed/wall5/800/1000',
  'https://picsum.photos/seed/wall5/400/500',
  '을지로 3가 철공소 옆 우주인',
  '녹슨 셔터 문 위에 그려진 우주인. 을지로 감성 그 자체.',
  ARRAY['을지로', '그라피티', '레트로', '중구'],
  37.5657, 126.9916,
  '서울 중구 을지로 을지로3가',
  '서울', '중구',
  58, 9, 19, 430,
  'public', NOW() - INTERVAL '7 days'
),
(
  'b1000000-0000-0000-0000-000000000006',
  'a1000000-0000-0000-0000-000000000001',
  'https://picsum.photos/seed/wall6/800/1000',
  'https://picsum.photos/seed/wall6/400/500',
  '을지로 골목 타일 모자이크',
  '인쇄소들 사이에서 발견한 타일 아트. 누군가 오랜 시간을 들인 흔적.',
  ARRAY['을지로', '타일아트', '모자이크', '숨은명소'],
  37.5660, 126.9901,
  '서울 중구 을지로 인쇄골목',
  '서울', '중구',
  44, 6, 15, 298,
  'public', NOW() - INTERVAL '10 days'
),

-- 이태원 / 해방촌 (Itaewon / Haebangchon)
(
  'b1000000-0000-0000-0000-000000000007',
  'a1000000-0000-0000-0000-000000000005',
  'https://picsum.photos/seed/wall7/800/1000',
  'https://picsum.photos/seed/wall7/400/500',
  '해방촌 언덕의 대형 벽화',
  '오르막길을 올라가다 나타나는 3층짜리 대형 벽화. 언덕이 힘들어도 올 만 하다.',
  ARRAY['해방촌', '대형벽화', '이태원', '용산'],
  37.5420, 126.9878,
  '서울 용산구 신흥로 해방촌 오거리',
  '서울', '용산구',
  103, 22, 41, 880,
  'public', NOW() - INTERVAL '4 days'
),
(
  'b1000000-0000-0000-0000-000000000008',
  'a1000000-0000-0000-0000-000000000002',
  'https://picsum.photos/seed/wall8/800/1000',
  'https://picsum.photos/seed/wall8/400/500',
  '이태원 골목 네온사인 스타일 벽화',
  '80년대 네온사인을 페인트로 구현한 작품. 낮에도 빛나는 것 같다.',
  ARRAY['이태원', '네온사인', '레트로', '벽화'],
  37.5345, 126.9943,
  '서울 용산구 이태원로 이태원 골목',
  '서울', '용산구',
  67, 14, 28, 510,
  'public', NOW() - INTERVAL '6 days'
),

-- 익선동 (Ikseon-dong)
(
  'b1000000-0000-0000-0000-000000000009',
  'a1000000-0000-0000-0000-000000000004',
  'https://picsum.photos/seed/wall9/800/1000',
  'https://picsum.photos/seed/wall9/400/500',
  '익선동 한옥 담벼락 드래곤',
  '한옥 담장에 그려진 동양화 스타일의 용. 전통과 현대의 충돌이 매력적.',
  ARRAY['익선동', '한옥', '드래곤', '종로구'],
  37.5749, 126.9997,
  '서울 종로구 수표로 익선동 한옥마을',
  '서울', '종로구',
  88, 16, 35, 660,
  'public', NOW() - INTERVAL '2 days'
),

-- 망원동 (Mangwon-dong)
(
  'b1000000-0000-0000-0000-000000000010',
  'a1000000-0000-0000-0000-000000000001',
  'https://picsum.photos/seed/wall10/800/1000',
  'https://picsum.photos/seed/wall10/400/500',
  '망원동 시장 골목 고양이',
  '망원 시장 근처 골목길. 고양이 그림이 실제 고양이보다 더 많다.',
  ARRAY['망원동', '고양이', '시장골목', '마포'],
  37.5553, 126.9027,
  '서울 마포구 월드컵로 망원시장 골목',
  '서울', '마포구',
  76, 13, 27, 580,
  'public', NOW() - INTERVAL '8 days'
),

-- 삼청동 (Samcheong-dong)
(
  'b1000000-0000-0000-0000-000000000011',
  'a1000000-0000-0000-0000-000000000005',
  'https://picsum.photos/seed/wall11/800/1000',
  'https://picsum.photos/seed/wall11/400/500',
  '삼청동 계단 아래 파랑새',
  '경복궁 방향 계단 아래. 파란 새가 담벼락 위로 날아오르는 그림.',
  ARRAY['삼청동', '파랑새', '종로구', '경복궁근처'],
  37.5822, 126.9806,
  '서울 종로구 삼청로 삼청동 계단',
  '서울', '종로구',
  51, 8, 17, 390,
  'public', NOW() - INTERVAL '12 days'
),

-- 연남동 (Yeonnam-dong)
(
  'b1000000-0000-0000-0000-000000000012',
  'a1000000-0000-0000-0000-000000000003',
  'https://picsum.photos/seed/wall12/800/1000',
  'https://picsum.photos/seed/wall12/400/500',
  '연남동 경의선 숲길 옆 타이포 벽화',
  '"지금 여기" 라고 쓰인 타이포그래피 벽화. 경의선 산책하다가 발견.',
  ARRAY['연남동', '타이포그래피', '경의선숲길', '마포'],
  37.5636, 126.9247,
  '서울 마포구 연남로 경의선 숲길',
  '서울', '마포구',
  62, 10, 21, 470,
  'public', NOW() - INTERVAL '3 days'
)
ON CONFLICT (id) DO NOTHING;

-- ============================================================
-- 4. FOLLOWS
-- ============================================================
INSERT INTO follows (follower_id, following_id) VALUES
('a1000000-0000-0000-0000-000000000001', 'a1000000-0000-0000-0000-000000000002'),
('a1000000-0000-0000-0000-000000000001', 'a1000000-0000-0000-0000-000000000005'),
('a1000000-0000-0000-0000-000000000002', 'a1000000-0000-0000-0000-000000000001'),
('a1000000-0000-0000-0000-000000000002', 'a1000000-0000-0000-0000-000000000003'),
('a1000000-0000-0000-0000-000000000002', 'a1000000-0000-0000-0000-000000000004'),
('a1000000-0000-0000-0000-000000000003', 'a1000000-0000-0000-0000-000000000001'),
('a1000000-0000-0000-0000-000000000003', 'a1000000-0000-0000-0000-000000000005'),
('a1000000-0000-0000-0000-000000000004', 'a1000000-0000-0000-0000-000000000002'),
('a1000000-0000-0000-0000-000000000004', 'a1000000-0000-0000-0000-000000000003'),
('a1000000-0000-0000-0000-000000000005', 'a1000000-0000-0000-0000-000000000001'),
('a1000000-0000-0000-0000-000000000005', 'a1000000-0000-0000-0000-000000000004')
ON CONFLICT DO NOTHING;

-- ============================================================
-- 5. LIKES (posts)
-- ============================================================
INSERT INTO likes (user_id, post_id) VALUES
-- 성수 꽃 벽화 (인기)
('a1000000-0000-0000-0000-000000000001', 'b1000000-0000-0000-0000-000000000003'),
('a1000000-0000-0000-0000-000000000004', 'b1000000-0000-0000-0000-000000000003'),
('a1000000-0000-0000-0000-000000000005', 'b1000000-0000-0000-0000-000000000003'),
-- 해방촌 대형벽화 (최고 인기)
('a1000000-0000-0000-0000-000000000001', 'b1000000-0000-0000-0000-000000000007'),
('a1000000-0000-0000-0000-000000000002', 'b1000000-0000-0000-0000-000000000007'),
('a1000000-0000-0000-0000-000000000004', 'b1000000-0000-0000-0000-000000000007'),
-- 성수 무지개 계단
('a1000000-0000-0000-0000-000000000001', 'b1000000-0000-0000-0000-000000000004'),
('a1000000-0000-0000-0000-000000000003', 'b1000000-0000-0000-0000-000000000004'),
('a1000000-0000-0000-0000-000000000005', 'b1000000-0000-0000-0000-000000000004'),
-- 홍대 새벽
('a1000000-0000-0000-0000-000000000002', 'b1000000-0000-0000-0000-000000000001'),
('a1000000-0000-0000-0000-000000000003', 'b1000000-0000-0000-0000-000000000001'),
-- 익선동 드래곤
('a1000000-0000-0000-0000-000000000001', 'b1000000-0000-0000-0000-000000000009'),
('a1000000-0000-0000-0000-000000000005', 'b1000000-0000-0000-0000-000000000009')
ON CONFLICT DO NOTHING;

-- ============================================================
-- 6. COMMENTS
-- ============================================================
INSERT INTO comments (post_id, user_id, content) VALUES
-- 성수동 꽃 벽화
('b1000000-0000-0000-0000-000000000003', 'a1000000-0000-0000-0000-000000000001', '진짜 성수에서 제일 예쁜 벽화인 것 같아요 😍'),
('b1000000-0000-0000-0000-000000000003', 'a1000000-0000-0000-0000-000000000004', '저도 여기 갔다왔는데 실제로 보면 더 커요!'),
('b1000000-0000-0000-0000-000000000003', 'a1000000-0000-0000-0000-000000000005', '정확한 위치 알 수 있을까요?'),
-- 해방촌 대형벽화
('b1000000-0000-0000-0000-000000000007', 'a1000000-0000-0000-0000-000000000002', '해방촌 올 때마다 여기 꼭 들르게 됨'),
('b1000000-0000-0000-0000-000000000007', 'a1000000-0000-0000-0000-000000000001', '언덕 올라가는 길에 있는 거 맞죠? 숨 헐떡이며 봤는데 그만한 가치가 있었어요 ㅋㅋ'),
('b1000000-0000-0000-0000-000000000007', 'a1000000-0000-0000-0000-000000000003', '작가가 누군지 아세요?'),
-- 성수 무지개 계단
('b1000000-0000-0000-0000-000000000004', 'a1000000-0000-0000-0000-000000000002', '여기 진짜 아는 사람만 아는 곳!! 좋은 곳 공유 감사해요'),
('b1000000-0000-0000-0000-000000000004', 'a1000000-0000-0000-0000-000000000005', '성수 갈 때마다 찾았는데 드디어 찾겠네요 🎉'),
-- 홍대 피카소 거리
('b1000000-0000-0000-0000-000000000001', 'a1000000-0000-0000-0000-000000000002', '저 지난주에 봤는데 지금도 있나요?'),
('b1000000-0000-0000-0000-000000000001', 'a1000000-0000-0000-0000-000000000004', '홍대는 매일 새로운 작품이 생겨서 타이밍이 중요한 것 같아요'),
-- 익선동 드래곤
('b1000000-0000-0000-0000-000000000009', 'a1000000-0000-0000-0000-000000000003', '한옥이랑 이렇게 어울릴 줄 몰랐어요 신기하다'),
('b1000000-0000-0000-0000-000000000009', 'a1000000-0000-0000-0000-000000000001', '익선동 완전 좋아하는데 이건 처음 봤어요! 꼭 가봐야겠다')
ON CONFLICT DO NOTHING;

-- ============================================================
-- 7. BOOKMARKS
-- ============================================================
INSERT INTO bookmarks (user_id, post_id) VALUES
('a1000000-0000-0000-0000-000000000001', 'b1000000-0000-0000-0000-000000000007'),
('a1000000-0000-0000-0000-000000000001', 'b1000000-0000-0000-0000-000000000004'),
('a1000000-0000-0000-0000-000000000002', 'b1000000-0000-0000-0000-000000000003'),
('a1000000-0000-0000-0000-000000000002', 'b1000000-0000-0000-0000-000000000009'),
('a1000000-0000-0000-0000-000000000003', 'b1000000-0000-0000-0000-000000000007'),
('a1000000-0000-0000-0000-000000000004', 'b1000000-0000-0000-0000-000000000003'),
('a1000000-0000-0000-0000-000000000005', 'b1000000-0000-0000-0000-000000000004')
ON CONFLICT DO NOTHING;
